carmen@pharmasoft.be
info@tissuorange.be
info.unis@skynet.be
info@toolpunt.be
"vandamme.jonckheere@skynet.be,vandamme.jonckheere@skynet.be"
"ndbeauraing@gmail.com,ndbeauraing@gmail.com,ndbeauraing@gmail.com,promariapaypal@gmail.com"
"education@sakshi.com,education@sakshi.com"
"ets.ghilain@skynet.be,ets.ghilain@skynet.be,ets.ghilain@skynet.be,ets.ghilain@skynet.be"
"info@steenkapperijkempenland.be,theproject@info.com,theproject@info.com,info@steenkapperijkempenland.be"
"info@openthebox.be,info@openthebox.be"
"info@brafco.be,info@brafco.be"
"support@imio.be,support@imio.be"
lamaisondumiel@skynet.be
"info@garage-vangansen.be,info@garage-vangansen.be,info@garage-vangansen.be,info@garage-vangansen.be,info@uitrit15.be,info@uitrit15.be,info@garage-vangansen.be,info@garage-vangansen.be,info@garage-vangansen.be,info@garage-vangansen.be,info@uitrit15.be,info@uitrit15.be"
"logo-sven@2x.png,xavier.voets@notaris-voets.be"
"info@sint-truiden.be,info@sint-truiden.be"
"info@schipperswelzijn.be,info@schipperswelzijn.be,info@schipperswelzijn.be,info@schipperswelzijn.be"
"info@homevast.be,info@homevast.be,info@homevast.be,info@homevast.be,info@homevast.be"
"personeel@belgianscrap.com,info@belgianscrap.com,info@belgianscrap.com"
"schrijnwerkerij@ebanista.be,schrijnwerkerij@ebanista.be"
"info@confederationconstruction.be,info@confederationconstruction.be,colm.mcbarron@iqcontent.com,niamh.phelan@iqcontent.com,peter.mckenna@iqcontent.com,peter.mckenna@iqcontent.com"
"bouwonderneming-deleersnyder_logo@2x.png,bouwonderneming-deleersnyder_logo--small@2x.png,bouwonderneming-deleersnyder_logo--very-small@2x.png,info@deleersnyderbvba.be,info@deleersnyderbvba.be"
"info@skt.be,info@skt.be,info@skt.be,info@skt.be"
info@communitybuilding.be
info@mecanelec.be
"info@confederationconstruction.be,info@confederationconstruction.be,colm.mcbarron@iqcontent.com,niamh.phelan@iqcontent.com,peter.mckenna@iqcontent.com,peter.mckenna@iqcontent.com"
"secretariaat@waregem.be,secretariaat@waregem.be"
"info@decabrouwerij.be,info@decabrouwerij.be"
"info@apotheekderumeaux.be,info@apotheekderumeaux.be"
"sarahvaneeckhaut@hotmail.com,sarahvaneeckhaut@hotmail.com"
"info@vzwkiewit.be,info@vzwkiewit.be"
info@asv.be
"info@enrobagestockem.be,Commerce-tarmac@enrobage.be,Commerce-carriere@enrobage.be,Commerce-carriere@enrobage.be,Commerce-beton@enrobage.be,Commerce-beton@enrobage.be,Commerce-tarmac@enrobage.be"
"patrick.janssens@minfin.fed.be.,info@malle.be,info@malle.be,info@malle.be,info@malle.be,info@malle.be"
"henri2104@hotmail.com,henri2104@hotmail.com,henri2104@hotmail.com,henri2104@hotmail.com,secretariaat@kerkleuven.be,secretariaat@kerkleuven.be,Johan.DeBoer@telenet.be,Johan.DeBoer@telenet.be"
"pelerinage.nat.bedevaart@skynet.be,pelerinage.nat.bedevaart@skynet.be"
"info@kuurne.be,info@kuurne.be"
"info@houthandelcoomans.be,info@houthandelcoomans.be"
ciaran@glenstal.org
mialampaert@hotmail.com
"info@katoennatie.com,info@katoennatie.com"
"kfcvrijarendonk@telenet.be,eddygorrens@telenet.be,raf.kempen@landmax.be,raf.kempen@landmax.be,EddyGorrens@telenet.be"
"info@kdcruddervoorde.be,johan@leermomenten.be"
"lameaasbl2@gmail.com,lameaasbl2@gmail.com"
"olivierdubois09@hotmail.co,service.rcah@gmail.com,service.rcah@gmail.com,acrfheron@hotmail.be"
"info@inrichtingendebruyne.be,info@inrichtingendebruyne.be"
"info@carrosserie-putzeys.be,info@carrosserie-putzeys.be,info@carrosserie-putzeys.be"
"info@syndikaat.nl,info@syndikaat.nl,info@syndikaat.nl"
"francois-regis@easypharm.be,nicolas@easypharm.be,carole@easypharm.be"
info@slwmaaseik.be
"brian.heffernan@translators.be,brian.heffernan@translators.be,daleszak@hotmail.com,daleszak@hotmail.com,mm@communicationkey.be,mm@communicationkey.be,jamez@mail.igl.be,jamez@mail.igl.be,secretariat@translators.be,secretariat@translators.be"
"isabellesente@yahoo.fr,isabellesente@yahoo.fr,isabellesente@yahoo.fr,isabellesente@yahoo.fr,pierrejacquemininfo@gmail.com,info@solwaster.be,info@aqualis.be,info@aqualis.be,info@aqualis.be,info@aqualis.be,info@tourismejalhaysart.be,info@tourismejalhaysart.be,info@tourismejalhaysart.be,info@tourismejalhaysart.be,info@tiege.be,info@tiege.be,info@tiege.be,info@tiege.be,philippe.gaspart@skynet.be,philippe.gaspart@skynet.be,philippe.gaspart@skynet.be,philippe.gaspart@skynet.be,info@mjjs.be,info@mjjs.be,info@mjjs.be,info@mjjs.be,pureevents.be@outlook.com,pureevents.be@outlook.com,pureevents.be@outlook.com,pureevents.be@outlook.com,renepirnay@yahoo.fr,president@harmonie-sart-charneux.com,president@harmonie-sart-charneux.com,president@harmonie-sart-charneux.com,president@harmonie-sart-charneux.com,info@tourismejalhaysart.be,info@tourismejalhaysart.be,info@tourismejalhaysart.be,info@tourismejalhaysart.be,merlinchristian@hotmail.com,merlinchristian@hotmail.com,merlinchristian@hotmail.com,merlinchristian@hotmail.com,info@tourismejalhaysart.be,info@tourismejalhaysart.be,info@tourismejalhaysart.be,info@tourismejalhaysart.be,info@tourismejalhaysart.be"
"info@groepdender.be,info@groepdender.be,info@groepdender.be,info@groepdender.be,info@groepdender.be,info@groepdender.be,info@groepdender.be"
"pers@glossocircuit.be,raster@2x.png"
"gentinfo@stad.gent,gentinfo@stad.gent,gentinfo@stad.gent,gentinfo@stad.gent"
info@svbejaardenzorg.be
"info@levrau.be,info@levrau.be"
jeugdfckleit@telenet.be
info@c-dot.be
"info@cobbys.be,info@cobbys.be"
"info@naturalsciences.be,info@naturalsciences.be"
"info@eurodogshow.be,info@eurodogshow.be,info@eurodogshow.be"
"AB@50.09563,AB@51.25224,AB@50.98784,AB@50.0075195"
"info@wevelgem.be,info@wevelgem.be"
"hugo@callebautbvba.be,hugo@callebautbvba.be"
"info@granitinter.com,info@granitinter.com"
marcsanders1965@gmail.com
"info@genkervv.be,info@genkervv.be,info@genkervv.be"
"praatcafe.middenkempen@gmail.com.,info@velt.be,info@velt.be,info@velt.be"
"vinalmont@gmail.com,vinalmont@gmail.com"
"contactcenter@vayamundo.be,contactcenter@vayamundo.be"
"info@credisolv.be,info@credisolv.be"
"lieven.bosmans@telenet.be,lieven.bosmans@telenet.be"
"info@belfertil.be,info@belfertil.be"
"smp.schutz@skynet.be,smp.schutz@skynet.be,20paul.schutz@skynet.be,paul.schutz@skynet.be"
"support@imio.be,support@imio.be"
"info@devisschernv.be,info@devisschernv.be"
"jacques@vermako.com,jacques@vermako.com,peter@vermako.com,peter@vermako.com,frederik@vermako.com,frederik@vermako.com,vermako1@vermako.com,vermako1@vermako.com,vermako1@vermako.com,christian@squiban.com,christian@squiban.com,christian@squiban.com"
"info@apotheekmeeussen.be,info@apotheekdevlier.be"
"info@atelier-eupen.be,info@atelier-eupen.be"
"webmaster@tempo-overijse.be,info@tempo-overijse.be,info@tempo-overijse.be"
luxutilitaire@pt.lu
"info@ifbvastgoed.be,info@ifbvastgoed.be,info@ifbvastgoed.be"
"info@amcham.be,info@amcham.be"
"info@harelbeke.be,info@harelbeke.be"
"info@mazout-liege.be,info@mazout-liege.be"
"info@dieltjensenzoon.be,info@dieltjensenzoon.be,info@dieltjensenzoon.be"
"florart@telenet.be,florart@telenet.be"
"ivan@vandeputteavitex.be,ivan@vandeputteavitex.be"
onthaal@bonheiden.be
"colettecreneau@gmail.com,colettecreneau@gmail.com,colettecreneau@gmail.com"
"info@eaglestone.be,info@eaglestone.be,info@eaglestone.be"
"info@honda-lavrysen.be,info@honda-lavrysen.be,info@honda-lavrysen.be,info@honda-lavrysen.be"
"info@schoups.be,info@schoups.be"
info@houthalen-helchteren.be
"jeanluc@lanno.be,jeanluc@lanno.be,kevin@lanno.be,kevin@lanno.be,simon@lanno.be,simon@lanno.be,philippe@lanno.be,philippe@lanno.be,tamara@lanno.be,tamara@lanno.be,aurelie@lanno.be,aurelie@lanno.be,david@lanno.be,david@lanno.be"
"chauffage.durieux@tvcablenet.be,chauffage.durieux@tvcablenet.be."
"info@gmgversmarkt.be,info@gmgversmarkt.be,info@gmgversmarkt.be,info@gmgversmarkt.be"
"comptoir@van-bruggen.be,comptoir@van-bruggen.be,luc.balty@van-bruggen.be,luc.balty@van-bruggen.be"
info@kagyusamyeling.be
"secretariaat@isbvzw.be,secretariaat@isbvzw.be"
"college.echevinal@la-roche-en-ardenne.be,college.echevinal@la-roche-en-ardenne.be,college.echevinal@la-roche-en-ardenne.be,college.echevinal@la-roche-en-ardenne.be,college.echevinal@la-roche-en-ardenne.be,college.echevinal@la-roche-en-ardenne.be,college.echevinal@la-roche-en-ardenne.be,college.echevinal@la-roche-en-ardenne.be,college.echevinal@la-roche-en-ardenne.be,college.echevinal@la-roche-en-ardenne.be,college.echevinal@la-roche-en-ardenne.be,college.echevinal@la-roche-en-ardenne.be,college.echevinal@la-roche-en-ardenne.be,college.echevinal@la-roche-en-ardenne.be,college.echevinal@la-roche-en-ardenne.be,college.echevinal@la-roche-en-ardenne.be,college.echevinal@la-roche-en-ardenne.be,college.echevinal@la-roche-en-ardenne.be,college.echevinal@la-roche-en-ardenne.be,college.echevinal@la-roche-en-ardenne.be,college.echevinal@la-roche-en-ardenne.be,college.echevinal@la-roche-en-ardenne.be,college.echevinal@la-roche-en-ardenne.be,college.echevinal@la-roche-en-ardenne.be,college.echevinal@la-roche-en-ardenne.be,college.echevinal@la-roche-en-ardenne.be,college.echevinal@la-roche-en-ardenne.be,college.echevinal@la-roche-en-ardenne.be,college.echevinal@la-roche-en-ardenne.be,college.echevinal@la-roche-en-ardenne.be,college.echevinal@la-roche-en-ardenne.be,college.echevinal@la-roche-en-ardenne.be,college.echevinal@la-roche-en-ardenne.be,college.echevinal@la-roche-en-ardenne.be,college.echevinal@la-roche-en-ardenne.be,college.echevinal@la-roche-en-ardenne.be,college.echevinal@la-roche-en-ardenne.be,college.echevinal@la-roche-en-ardenne.be,college.echevinal@la-roche-en-ardenne.be,college.echevinal@la-roche-en-ardenne.be,college.echevinal@la-roche-en-ardenne.be,college.echevinal@la-roche-en-ardenne.be"
"hello@mradam.shoes,hello@mradam.shoes"
"pemartin@mtu.edu,pemartin@mtu.edu"
"info@wetrex.be,info@wetrex.be"
"info@nadine-salembier.com.,info@nadine-salembier.com"
"info@kspfcharen.eu,info@kspfcharen.eu,webmaster.kspfcharen@gmail.com"
meubleswillems@hotmail.com
communication@hamois.be
"open.verkoop@telenet.be"
"ets.mourin@skynet.be,ets.mourin@skynet.be,A0ets.mourin@skynet.be,ets.mourin@skynet.be"
"nadimmo@portima.be,nadimmo@portima.be,nadimmo@portima.be,nadimmo@portima.be"
"info@taxisfabbrimone.com,info@taxisfabbrimone.com,info@taxisfabbrimone.com"
"20info@jpflorimont.com,info@jpflorimont.com"
marleen@cocquyt-bvba.be
"info@moulinrenard.be,info@moulinrenard.be"
"contact@keyser-sa.be,contact@keyser-sa.be"
"kantoorverheyden@vhco.be,kantoorverheyden@vhco.be,kantoorverheyden@vhco.be,kantoorverheyden@vhco.be,kantoorverheyden@vhco.be,kantoorverheyden@vhco.be"
marc.van.eycken@pandora.be
"support@researchpool.com,support@researchpool.com"
"contact@pconsulting.net,contact@pconsulting.net,contact@pauwelsconsulting.com,contact@pauwelsconsulting.com,jobs@pauwelsconsulting.com,jobs@pauwelsconsulting.com"
"info@vrancx.be,info@vrancx.be,info@vrancx.be,info@tropicgas.be,info@vrancx.be,ajax-loader@2x.gif"
"info@de-vocht.be,info@de-vocht.be"
bea.peters@skynet.be
"courriel@dessin-et-construction.eu,courriel@dessin-et-construction.eu"
"info@joyetrec.be,info@joyetrec.be"
"belgium@facargroup.com,belgium@facargroup.com"
"info@apotheekrauw.be,Info@apotheekrauw.be"
mail@cbadoc.be
"info@bossuytbvba.be,info@bossuytbvba.be"
"info@febev.be,info@febev.be"
"hvac@gezel.be,hvac@gezel.be"
"naam@email.com,info@haroijs.be,info@haroijs.be"
"philip@julwaumans.be,philip@julwaumans.be"
"binarta-logo-vertical-white@2x.png,jo-bubble@2x.png,noreply@email.binarta.com,noreply@email.binarta.com,websters-logo@2x.png,websters-logo-small@2x.png,logo-small@2x.png,logo@2x.png,logo-small@2x.png"
"info@groupgsc.be,info@groupgsc.be"
info@rooyackers.be
"logo-sven@2x.png,laurent.barnich@notaire.be"
"van.hoecke.peter1@telenet.be,van.hoecke.peter1@telenet.be,peter@vanhoeckebouw.be"
"info@terdoel.be,info@terdoel.be"
"info@upkot.be,info@upkot.be"
"janvandeweerd@skynet.be,janvandeweerd@skynet.be"
"info@rigi.be,info@rigi.be,info@rigi.be,info@rigi.be,info@rigi.be,info@rigi.be,info@rigi.be,info@rigi.be"
"info@sonarg.com,info@sonarg.com,info.sonargplastics@gmail.com,info.sonargplastics@gmail.com"
"info@toerismekinrooi.be,info@toerismekinrooi.be"
"info@tuinaannemer.be,info@tuinaannemer.be"
"hifison@skynet.be,hifison@skynet.be"
"info@iba-boekhouding.be,info@iba-boekhouding.be"
benjamin@bobon.be
info@carepropertyinvest.be
hello@clearcust.com
"logoColor@2x.png,logoColor@2x.png,logoColorMobile@1x.png,logoColorMobile@1x.png,logoColorMobile@2x.png,logoColorMobile@2x.png,logoColor@2x.png,logoColor@2x.png,alain@yours.be,alain@yours.be"
"bonnescauses@kbs-frb.be,bonnescauses@kbs-frb.be"
"info@dierickxnv.be,info@dierickxnv.be,info@dierickxnv.be,info@dierickxnv.be,info@dierickxnv.be,info@dierickxnv.be"
info@jorens.be
"feyen@skynet.be,feyen@skynet.be"
info@trades.com
"info@sissau.be,info@sissau.be,info@sissau.be"
"infos....contact@lescn.be,auquai@gmail.com,auquai@gmail.com,auquai@gmail.com,auquai@gmail.com,auquai@gmail.com,auquai@gmail.com,auquai@gmail.com,auquai@gmail.com"
info.southafrica@DJOglobal.com
"info@kortrijk.be,info@kortrijk.be"
"vds.plastics@live.be,vds.plastics@live.be,vds.plastics@live.be,vds.plastics@live.be,vds.plastics@live.be"
"info@groenservice.be,info@groenservice.be"
"media.relations@pernod-ricard.com,investor.relations@pernod-ricard.com,actionnaires@pernod-ricard.com"
"s.detremmerie@skynet.be,s.detremmerie@skynet.be,s.detremmerie@skynet.be,s.detremmerie@skynet.be,s.detremmerie@skynet.be,s.detremmerie@skynet.be"
"info@eternit.be,info@eternit.be"
"info@industrybusiness.com,info@apilec.be,info@apilec.be"
"jackysport2000@orange.fr,jackysport2000@orange.fr,jackysport2000@orange.fr,jackysport2000@orange.fr"
webmaster@provincedeliege.be
"comedu@lnf.infn.it,dirlnf@lnf.infn.it,Lab.Naz.Frascati@pec.infn.it,sara.reda@lnf.infn.it,cdrweb@lnf.infn.it,web.support@lists.lnf.infn.it"
"stef.andries@makeitwork.be,stef.andries@makeitwork.be,stef.andries@makeitwork.be,stef.andries@makeitwork.be,stef.andries@makeitwork.be,stef.andries@makeitwork.be,stef.andries@makeitwork.be,stef.andries@makeitwork.be,stef.andries@makeitwork.be,stef.andries@makeitwork.be,stef.andries@makeitwork.be,stef.andries@makeitwork.be,stef.andries@makeitwork.be,stef.andries@makeitwork.be"
"contact@lesartisantsduviroin.be,contact@lesartisantsduviroin.be"
"info@vabo.eu,info@vabo.eu"
"info@arhs-dev.com,info@arhs-dev.com"
hrc-logo-address@x2.jpg
"offices@burcogroup.eu,offices@burcogroup.eu,offices@burcogroup.eu,offices@burcogroup.eu,offices@burcogroup.eu,offices@burcogroup.eu,offices@burcogroup.eu,offices@burcogroup.eu,offices@burcogroup.eu,offices@burcogroup.eu,offices@burcogroup.eu,offices@burcogroup.eu"
"info@kblvb.be,info@kblvb.be,info@creations.be,info@mattgraphix.be"
"info@kwaliteitsslager-adriaenssen.be,info@kwaliteitsslager-adriaenssen.be"
"mail@renta-plus.be,mail@renta-plus.be,mail@renta-plus.be,mail@renta-plus.be"
"STEFAAN@AGENCELEROY.BE,info@agenceleroy.be"
"gentse.bandencentrale@skynet.be,gentse.bandencentrale@skynet.be,gentse.bandencentrale@skynet.be"
"abo@abo-group.eu,abo@abo-group.eu"
"web@deltaproduction.be,web@deltaproduction.be,web@deltaproduction.be,web@deltaproduction.be,web@deltaproduction.be,web@deltaproduction.be,web@deltaproduction.be"
"info@sprimont.be,info@sprimont.be,info@sprimont.be"
"info@atelier-coperta.com,info@atelier-coperta.com"
"info@ermeubelen.be,info@ermeubelen.be,info@ermeubelen.be,info@ermeubelen.be"
info@scholen-be.eu
"info@moury-construct.be,info@moury-construct.be"
"ria@wittersbvba.be,ria@wittersbvba.be"
"beheer@geneaknowhow.net,beheer@geneaknowhow.net"
"info@sitheux.be,info@sitheux.be"
"gemeentebestuur@edegem.be,gemeentebestuur@edegem.be"
"wim.camps@kantoorcamps.be,wim.camps@kantoorcamps.be"
"info@belagroup.nl,info@belagroup.nl"
"hebbelinck.bvba@telenet.be,hebbelinck.bvba@telenet.be,hebbelinck.bvba@telenet.be,hebbelinck.bvba@telenet.be,hebbelinck.bvba@telenet.be"
"info@outijardin.be,info@outijardin.be,info@outijardin.be,outijardin@belgacom.net,outijardin@belgacom.net,outijardin@belgacom.net,info@outijardin.be,info@outijardin.be,outijardin@belgacom.net"
"info@huybregts-reynders.be,info@huybregts-reynders.be,info@huybregts-reynders.be"
"info@agripress.be,info@agripress.be"
info@tegelsdegrande.be
"vanbelleghem@toyotabelgium.net,vanbelleghem@toyotabelgium.net"
"melding@publivisie.be,melding@publivisie.be"
info@dauwens.be
info@handmadeinbrugge.be
"info@uitvaartvandercruyssen.be,info@uitvaartvandercruyssen.be"
"bernadette.luyten@gmail.com,bernadette.luyten@gmail.com,bernadette.luyten@gmail.com"
infogarage@bredael.be
"info@dekempe.be,info@dekempe.be"
"info@autojacques.com,info@autojacques.com"
info@olen.be
"info@deerlijk.be,info@deerlijk.be"
"info@vanderheerennico.be,info@vanderheerennico.be"
"info@begrafenissenmessiaen.be,info@begrafenissenmessiaen.be,aurelie@begrafenissenmessiaen.be,aurelie@begrafenissenmessiaen.be,cederic@begrafenissenmessiaen.be,cederic@begrafenissenmessiaen.be"
"tomas@firstcycling.com,tomas@firstcycling.com"
"desktop@1x.jpg,desktop@2x.jpg,desktop@3x.jpg,mobile@1x.jpg,mobile@2x.jpg,mobile@3x.jpg,desktop@1x.jpg,desktop@2x.jpg,desktop@3x.jpg,mobile@1x.jpg,mobile@2x.jpg,mobile@3x.jpg"
"20info@boechout.be,info@boechout.be,info@boechout.be,info@boechout.be"
"carine.dejonghe@middelkerke.be,carine.dejonghe@middelkerke.be"
voorbeeld@email.com
"info@menen.be,info@menen.be"
"support@vub.ac.be,support@vub.ac.be"
"info@vercaigne.be,info@vercaigne.be"
tomas@dohop.com
"info@dvfresh.be,info@dvfresh.be"
"info@anzegem.be,info@anzegem.be"
francois.louagie@hotmail.com
"us@2x.png,us@2x.png,us@2x.png"
"info@slagerijwitdouck.be,info@slagerijwitdouck.be,info@slagerijwitdouck.be"
info@micheldevis.be
"info@gebroedersjonckheere.be,info@gebroedersjonckheere.be,gebroeders.jonckheere@belgacom.net,gebroeders.jonckheere@belgacom.net"
"info@apotheekoostende.be,info@apotheekoostende.be,info@apotheekoostende.be,info@apotheekoostende.be"
"wouter@ha-kwarts.be,wouter@ha-kwarts.be"
"info@lamo.be,info@lamo.be,info@lamo.be,info@lamo.be"
"vlaamse.raad@ordevanarchitecten.be,vlaamse.raad@ordevanarchitecten.be"
info@bruxelles-j.be
"FGPS@wlu.ca,FGPS@wlu.ca,chooselaurier@wlu.ca"
info@metaalwerkenhuibers.be
"zaman@zamangroep.be,zaman@zamangroep.be"
"info@christophebruyneel.be,info@christophebruyneel.be,info@christophebruyneel.be,info@christophebruyneel.be,info@christophebruyneel.be,info@christophebruyneel.be"
"info@vub.ac.be,info@vub.ac.be"
"info@upl.be,info@upl.be"
"heemkunde3020@gmail.com,heemkunde3020@gmail.com"
"info@bradleymoreau.com,info@bradleymoreau.com"
"contact@il-di.com,contact@il-di.com,contact@il-di.com,contact@il-di.com"
frank@vanderputten.be
info@inovalon.com
"info@samdam.be,info@samdam.be"
"jan.luyssaert@gmail.com,jan.luyssaert@gmail.com,bollaert.andre@telenet.be,bollaert.andre@telenet.be,bollaert.andre@telenet.be"
"costaloulas@hotmail.com,support@cityplug.net,support@cityplug.be,support@cityplug.be"
"info@vlaamspatientenplatform.be,voorsitter@rva.org.za,info@daluso.nl,cdl@martinshotels.com,inevandesluis@hotmail.com,JBoogaard93@gmail.com,JBoogaard93@gmail.com,JBoogaard93@gmail.com,inevandesluis@hotmail.com,info@belgicadeweerd.com,inevandesluis@hotmail.com,sterkliniek@dierenkliniekvenray.nl,sterkliniek@dierenkliniekvenray.nl,sterkliniek@dierenkliniekvenray.nl"
"be0f5aa3.il_logo@2x.png,info@iedereenleest.be,info@iedereenleest.be"
"info@wille-wille.be,info@wille-wille.be"
"20info@bbno.be,info@bbno.be"
die.info@uzleuven.be
"info@brunehaut.be,info@brunehaut.be,info@brunehaut.be"
info@symulak.be
"pascal.jaouen@univ-nantes.fr,laurence.le-coq@emn.fr,michel.havet@oniris-nantes.fr"
"info@compostvermeir.be,info@compostvermeir.be,info@compostvermeir.be"
"info@arnoldcv.Be,info@arnoldcv.Be"
"info@citroenlievens.be,info@citroenlievens.be,jo.vandriessche@jodela-it.be"
"info@om-immo.be,info@om-immo.be"
"info@rouwcentrumvandekerckhove.be,info@rouwcentrumvandekerckhove.be"
info@droogkuisshop96.be
"logo_tr@2x.png,history_big@2x.jpg,logo_tr@2x.png,info@bakkerijmaris.be,info@bakkerijmaris.be,logo_tr@2x.png,info@bakkerijmaris.be,info@bakkerijmaris.be"
wauquier@sfr.fr
"enquiry@globaltransformation.com,enquiry@globaltransformation.com"
"support@trouvetonresto.be,support@trouvetonresto.be"
"info@pixii.be,info@pixii.be"
"info@dakwerken-stroobants.be,info@dakwerken-stroobants.be"
"info@hansenbvba.be,info@hansenbvba.be"
"infoseleg@tse.jus.br,infoseleg@tse.jus.br"
"info@recticel.com,info@recticel.com,privacy.recticel@recticel.com,privacy.recticel@recticel.com,privacy.recticel@recticel.com,privacy.recticel@recticel.com"
"info@vanhoucke.engineering,info@vanhoucke.engineering"
"results@thehendonmob.com,results@thehendonmob.com,pokerdb@thehendonmob.com,pokerdb@thehendonmob.com,tech@thehendonmob.com,tech@thehendonmob.com"
logo@2x.png
"info@apexchauffage.be,info@apexchauffage.be,info@apexchauffage.be,info@apexchauffage.be"
"info@tjampensbouw.be,info@tjampensbouw.be"
"info@domainedes5sens.com,info@domainedes5sens.com"
"office@s-l.co.rs,office@s-l.co.rs"
"info@gritires.com,info@gritires.com,globalrubber@windstream.net,globalrubber@windstream.net,guenter-fleck@t-online.de,guenter-fleck@t-online.de,jeanmarc@globalrubber.fr,jeanmarc@globalrubber.fr,kurt.verbrugge@gritires.com,kurt.verbrugge@gritires.com,guenter-fleck@t-online.de,guenter-fleck@t-online.de,ivo.konstantinov@gritires.com,ivo.konstantinov@gritires.com,rene.whinwray@gritires.com.au,rene.whinwray@gritires.com.au,davidsanz@gritires.es,davidsanz@gritires.es,info@gritires.com,globalrubber@windstream.net,davidsanz@gritires.es,jeanmarc@globalrubber.fr,guenter-fleck@t-online.de,kurt.verbrugge@gritires.com,guenter-fleck@t-online.de,ivo.konstantinov@gritires.com,rene.whinwray@gritires.com.au,info@gritires.com,info@gritires.com"
support@thesfm.com
"info@tourdeforceuk.com,info@tourdeforceuk.com"
"info@cargoagent.net,info@cargoagent.net"
office@glassglobal.com
"evcrekem@gmail.com,evcrekem@gmail.com"
"info@dierenartsenvandevelde.be,info@dierenartsenvandevelde.be,info@dierenartsenvandevelde.be,info@dierenartsenvandevelde.be"
"info@buyse.be,info@buyse.be,info@buyse.be,info@buyse.be"
"info@vetex.eu,info@vetex.eu,info@vetex.eu,info@vetex.eu"
"docteur.george@proximedia.be,docteur.george@proximedia.be,docteur.george@proximedia.be,docteur.george@proximedia.be"
info@blue-tomato.com
realpeople@trainline.eu
"info@european-lotteries.org,info@european-lotteries.org"
hello@thesponsorshipconsultants.com
"info@regiobloemist.be,info@regiobloemist.be"
"sales@ueusa.net,sales@ueusa.net,sales@ueusa.net"
"info@vandaelemechaniek.be,info@vandaelemechaniek.be"
img_footer_phone_lecho@2x.png
"INFO@APOTHEEKWILLEMS.COM,info@apotheekwillems.com,info@apotheekwillems.com"
"3colonnes@proximus.be,3colonnes@proximus.be,3colonnes@proximus.be"
"info@inter-ceram.be,info@inter-ceram.be,info@techimex.be,info@techimex.be,info@inter-carrelages.be,info@inter-carrelages.be"
"secretariat@allokine.be,secretariat@allokine.be"
"info@ginsonline.com,info@ginsonline.com,you@email.com"
"info@aktiefinvest.be,info@aktiefinvest.be"
"info@ettik.be,info@ettik.be,info@ettik.be,info@ettik.be"
"myname@email.com,myname@email.com"
"logo-sven@2x.png,notaris@decuman.be"
info@paservices-group.com
"22info@eanam.org,info@eanam.org"
"contact@admos.be,contact@admos.lu"
eurocare@emdc.be
"info@psi-web.be,info@psi-web.be"
"c.streul@onlineart.info,info@onlineart.info"
"info@azdelta.be,info@azdelta.be"
"jobs@extensa.eu,info@extensa.eu,info@extensa.eu"
"nextbillion@gmail.com,nextbillion@gmail.com"
"info@vandenvonder-decat.be,info@vandenvonder-decat.be"
"info@apzi.be,info@apzi.be"
"logo-sven@2x.png,notaris@notarisvaninnis.be"
"admin@parks-sa.com.au,admin@sa-parks.com.au"
"info@brusselslife.be,info@brusselslife.be"
"info@axl-jewelry.com,info@axl-jewelry.com,press@sophiecarree.be,press@sophiecarree.be"
"ROEINIV8@GMAIL.COM,ROEINIV8@GMAIL.COM"
"hello@crunchbase.com,hello@crunchbase.com,ad6d278f98e347409c82d6e3899597a4@sentry.io"
info@bvba-gryma.be
cerau@cerau.be
"davidkyd@msn.com,sham736@hotmail.com,braemfrancis@hotmail.be"
"admin@fide.com,admin@fide.com,ratings@fide.com"
MGARREL@clemson.edu
"administration@quevy.be,administration@quevy.be"
"schoenmaekers2@telenet.be,schoenmaekers2@telenet.be"
"operations@commoditycentre.co.uk,customerservice@commoditycentre.com"
info@royaltapis.be
"joaquim.lou@skynet.be,joaquim.lou@skynet.be"
kris.vocaet@tel...
contact@transport-international.com
info@exchangevzw.be
"shop@sobotashop.rs,shop@sobotashop.rs,shop@sobotashop.rs,shop@sobotashop.rs,contact@ytcvn.com"
"info@kenidi.be,info@kenidi.be,kevin@kenidi.be,kevin@kenidi.be,nick@kenidi.be,nick@kenidi.be"
"sec@dessard.be,sec@dessard.be,nom@mail.com"
"info@dover.be,info@dover.be,info@dover.be,info@dover.be"
"info@slbo.be,info@slbo.be"
"debry.be@skynet.be,debry.be@skynet.be,debry.be@skynet.be,debry.be@skynet.be"
"slagerij@patricksbeenhouwerij.nl,slagerij@patricksbeenhouwerij.nl"
"johndoe@domain.com.,janpet@domein.be."
"pro@doctolib.fr,u003epro@doctolib.fr,julia@doctolib.fr,julia@doctolib.fr,dupont.pierre@example.com"
leo@keerbergen.leopeeters.be
wim.torbeyns@domusmedica.be
"info@sudassistance.be,info@sudassistance.be"
"Info@charleroi.be,Info@charleroi.be"
"frfromont@voo.be,frfromont@voo.be,frfromont@voo.be,frfromont@voo.be"
info@psycholoog.be
ysm.editor@yale.edu
"maalderijmichiels@skynet.be,maalderijmichiels@skynet.be"
"INFO@DEVEKTRO.BE,INFO@DEVEKTRO.BE,INFO@DEVEKTRO.BE,devektro@devektro.be,devektro@devektro.be,devektro@devektro.be,info@devektro.be,info@devektro.be,info@devektro.be,INFO@DEVEKTRO.BE,devektro@devektro.be,info@devektro.be,INFO@DEVEKTRO.BE,devektro@devektro.be,info@devektro.be"
"info@mch.be,info@mch.be"
Info@wibri.be
callcenter@btmt.eu
"info@bijnensjos.be,info@bijnensjos.be,info@bijnensjos.be"
"info@waimes.be,info@waimes.be"
"maldegem@axa-bank.be,maldegem@axa-bank.be"
"logo-cairn@2x.png,logo-cairn@3x.png,logo-cairn@4x.png,logo-cairn-footer@2x.png,logo-cairn-footer@3x.png,logo-cairn-footer@4x.png"
info@imcoma.com
"cpr.accueil@skynet.be,cpr.accueil@skynet.be,cpr.accueil@skynet.be"
info@voetmagazine.be.
"carine.vanquickenborne@mail.be,carine.vanquickenborne@mail.be"
info@bouwenwonen.net
"toerisme@brugge.be,toerisme@brugge.be,sophie.bonnewijn@brugge.be,toerisme@brugge.be,toerisme@brugge.be"
"info@chezrino.be,info@chezrino.be,info@chezrino.be,info@chezrino.be"
"jobs@www.cofinpar.eu,jobs@www.cofinpar.eu,info@www.cofinpar.eu,info@www.cofinpar.eu"
wanneertroujy@gmail.com
"railconv@gmail.com,railconv@gmail.com,railconv@gmail.com"
"info@SterkmansEvents.net,jacques@SterkmansEvents.eu"
"c.taquin@avocat.be,c.taquin@avocat.be"
"info@brouwerij-strubbe.be,info@brouwerij-strubbe.be"
"info@duotecno.be,info@duotecno.be,info@duotecno.be"
"info@akwadraat.be,info@akwadraat.be"
"Christine.DmDm@Dataworld.be,Christine.DmDm@Dataworld.be"
"geert@vleeswarendebaets.be,geert@vleeswarendebaets.be,kwaliteit@vleeswarendebaets.be,kwaliteit@vleeswarendebaets.be"
"info@dobbelaere-transport.be,info@dobbelaere-transport.be"
"leo.deheyn@gmail.com,leo.deheyn@gmail.com,leo.deheyn@gmail.com"
"info@transportingels.be,info@transportingels.be"
"INFO@INHUISPLAZA.NL,info@inhuisplaza.nl,info@inhuisplaza.nl,info@inhuisplaza.be"
info@sevarc.be
"info@davidrobin.be,info@davidrobin.be,info@davidrobin.be"
pri@lachambre.be
contact@specialiste-motoculture.be
"michel.smolders1@telenet.be,michel.smolders1@telenet.be,michel.smolders1@telenet.be"
"info@trevikempen.be,info@trevikempen.be,immobilier@valemberg.com,immobilier@valemberg.com,antwerpen@trevi.be,antwerpen@trevi.be,bastogne@closon.be,bastogne@closon.be,info@trevi.be,info@trevi.be,info@lapropriete.be,info@lapropriete.be,ciney@trevi.be,ciney@trevi.be,info@gilmont.be,info@gilmont.be,info@trevihautesenne.be,info@trevihautesenne.be,gent@trevi.be,gent@trevi.be,info@venturi.be,info@venturi.be,info@jvcimmo.be,info@jvcimmo.be,limburg@trevi.be,limburg@trevi.be,info@immovanhoudt.be,info@immovanhoudt.be,info@trevirasquain.be,info@trevirasquain.be,info@trevivla.be,info@trevivla.be,info@lovarium.be,info@lovarium.be,libramont@closon.be,libramont@closon.be,info@urbis-immo.be,info@urbis-immo.be,leuven@trevi.be,leuven@trevi.be,info@closon.be,info@closon.be,info@trevimons.be,info@trevimons.be,namur@trevi.be,namur@trevi.be,info@trevibrabant.be,info@trevibrabant.be,info@trevi-axus.be,info@trevi-axus.be,info@treviorta.be,info@treviorta.be,info@trevibrabant.be,info@trevibrabant.be,info@immocom.be,info@immocom.be,info@treviconseil.be,info@treviconseil.be,info@trevinord.be,info@trevinord.be,est@trevi.be,est@trevi.be"
"info@vanoostrenovaties.be,info@vanoostrenovaties.be,info@vanoostrenovaties.be,info@vanoostrenovaties.be"
ld@gmtsprl.com
"ng_68e50d423962e5fd9d97-324x183@2x.jpg,ng_68e50d423962e5fd9d97-324x183@2x.jpg,ng_6413472e87d0772f3b64-324x183@2x.jpg,ng_6413472e87d0772f3b64-324x183@2x.jpg,ng_69e8e8063efb33df84e0-324x183@2x.jpg,ng_69e8e8063efb33df84e0-324x183@2x.jpg,1718646923668-epg-256xh@2x.jpg,1718717724668-epg-256xh@2x.jpg,1724668353668-epg-256xh@2x.jpg,cim-internet-grey-88x30@2x.gif"
"info@vatapi.co.uk,info@vatapi.co.uk"
"Pierre.Lecocq@RESTN.BE,Pierre.Lecocq@RESTN.BE,info@restn.be,pierre.lecocq@ngyx.eu,Pierre.Lecocq@NGYX.EU"
pass@example.com
example@email.com
info@bermaxbvba.be
"info@sprlchristopheadam.be,info@sprlchristopheadam.be"
"info@madeinkempen.be,info@madeinkempen.be"
"info@tourismestavelot.be,info@tourismestavelot.be"
"info@fevia.be,Info@fevia.be"
"info@vatapi.co.uk,info@vatapi.co.uk"
"vasb@cs-tbssvarg.or,condoleances@ag-group.be,condoleances@ag-group.be,condoleances@ag-group.be,condoleances@ag-group.be,devis@ag-group.be,devis@ag-group.be,vasb@nt-tebhc.or,vasb@nt-tebhc.or"
"danny_coulier@telenet.be,danny_coulier@telenet.be,info@pluimvee.be,info@pluimvee.be,secretariaat@pluimvee.be,secretariaat@pluimvee.be"
"info@atoutscamps.be,info@atoutscamps.be"
info@ccherstal.be
"info@retec-rent.com,info@retec-rent.com"
info@sportpaleisgroep.be
gauthier@jeunesse-herbiester.be
"info@commart.eu,info@commart.eu"
info.belgium@sanofi.com
"info@chac.be,info@chac.be,tom.ded@gmail.com"
"info@daverdisse-tourisme.be,info@chevaldetraitardennais.be,info@chevaldetraitardennais.be"
"dawyndt.dirk@skynet.be,dawyndt.dirk@skynet.be,dawyndt.brecht@skynet.be,dawyndt.brecht@skynet.be,dawyndt.dirk@skynet.be,dawyndt.dirk@skynet.be,dawyndt.brecht@skynet.be,dawyndt.brecht@skynet.be"
"info@affligem.be,info@affligem.be,info@affligem.be,info@affligem.be"
"sales@remacle.be,sales@remacle.be"
"info@planetekids.eu,info@planetekids.eu,info@planetekids.eu,info@planetekids.eu,info@planetekids.eu,info@planetekids.eu,info@planetekids.eu,info@planetekids.eu,info@planetekids.eu,ocsasbl@gmail.com,ocsasbl@gmail.com,ocsasbl@gmail.com,ocsasbl@gmail.com,ocsasbl@gmail.com,ocsasbl@gmail.com,ocsasbl@gmail.com,info@planetekids.eu,info@planetekids.eu,info@planetekids.eu,ocsasbl@gmail.com,ocsasbl@gmail.com,info@planetekids.eu,info@planetekids.eu,info@planetekids.eu,ocsasbl@gmail.com"
"info@imposto.be,info@imposto.be"
"info@sinnersupply.com,info@sinnersupply.com"
"info@borsbeek.be,info@borsbeek.be"
"info@eurolandscaping.com,info@eurolandscaping.com"
"garage.boetendael@gmail.com,garage.boetendael@gmail.com,garage.boetendael@gmail.com"
"info@balnam.be,info@balnam.be,info@balnam.be,info@balnam.be,info@balnam.be"
"infobalie@chat.libraryh3lp.com,infobalie@chat.libraryh3lp.com,libservice@ugent.be,libservice@ugent.be"
contact@transport-international.com
"info@fedbeton.be,info@fedbeton.be,info@fedbeton.be"
"info@n-va.be,info@n-va.be"
"info@gif-sa.be,info@gif-sa.be,info@gif-sa.be"
"olivier.lehu@orelec.net,olivier.lehu@orelec.net"
"contact@chauffetvous.be,contact@chauffetvous.be"
"ets.jacques.louis@gmail.com,ets.jacques.louis@gmail.com,ets.jacques.louis@gmail.com,ets.jacques.louis@gmail.com,ets.jacques.louis@gmail.com"
grolaux@hotmail.com
sburdiat@gmail.com
gino.dieltjens@gmail.com
"raster@2x.png,raster@2x.png"
"info@temo.be,info@temo.be"
"logo-sven@2x.png,fmourue@skynet.be"
"info@vatapi.co.uk,info@vatapi.co.uk"
"bennyvaes_2@hotmail.com,bennyvaes_2@hotmail.com,bennyvaes_2@hotmail.com,bennyvaes_2@hotmail.com,bennyvaes_2@hotmail.com"
"info@zonnebeke.be,info@zonnebeke.be,info@zonnebeke.be"
"deby@badie-deby.com,deby@badie-deby.com,deby@badie-deby.com,deby@badie-deby.com"
"fintrodiezw@fintro.be,fintrodiezw@fintro.be,fintrodiezw@fintro.be,w@bureau-diez.be,w@bureau-diez.be,w@bureau-diez.be,fintrodiezgh@fintro.be,fintrodiezgh@fintro.be,fintrodiezgh@fintro.be,gh@bureau-diez.be,gh@bureau-diez.be,gh@bureau-diez.be"
"conceptis@skynet.be,conceptis@skynet.be,conceptis@skynet.be,segers.cons@skynet.be,segers.cons@skynet.be,segers.cons@skynet.be,woningenmartens@hotmail.com,woningenmartens@hotmail.com,woningenmartens@hotmail.com,info@idrie.be,info@idrie.be,info@idrie.be,albertbeccaert@swing.be,albertbeccaert@swing.be,albertbeccaert@swing.be,geertdekoninck@telenet.be,geertdekoninck@telenet.be,geertdekoninck@telenet.be,paul.vervloet@telenet.be,paul.vervloet@telenet.be,paul.vervloet@telenet.be,beckers.marcel@telenet.be,beckers.marcel@telenet.be,beckers.marcel@telenet.be,cabinet056@optinet.be,cabinet056@optinet.be,cabinet056@optinet.be,dsk-construct@telenet.be,dsk-construct@telenet.be,dsk-construct@telenet.be,info@mcs-bouw.be,info@mcs-bouw.be,info@mcs-bouw.be,info@reprode.be,info@reprode.be,info@reprode.be,admin@vanbuild.be,admin@vanbuild.be,admin@vanbuild.be,info@seacoastbuilding.be,info@seacoastbuilding.be,info@seacoastbuilding.be,jc.engineering@scarlet.be,jc.engineering@scarlet.be,jc.engineering@scarlet.be,info@woonconcept.be,info@woonconcept.be,info@woonconcept.be,info@lpm.nl,info@lpm.nl,info@lpm.nl,frank.vanbossuyt@telenet.be,frank.vanbossuyt@telenet.be,frank.vanbossuyt@telenet.be,vooruitzicht@vooruitzicht.be,vooruitzicht@vooruitzicht.be,vooruitzicht@vooruitzicht.be,info@co4.be,info@co4.be,info@co4.be,lucschollier@hotmail.com,lucschollier@hotmail.com,lucschollier@hotmail.com,info@pooltech.be,info@pooltech.be,info@pooltech.be,veka1@pandora.be,veka1@pandora.be,veka1@pandora.be,jos.colla@skynet.be,jos.colla@skynet.be,jos.colla@skynet.be,kurt.grossen@telenet.be,kurt.grossen@telenet.be,kurt.grossen@telenet.be,info@rudygodijn-bouw.be,info@rudygodijn-bouw.be,info@rudygodijn-bouw.be"
"jorgen.vanlaer@vlvm.be,jorgen.vanlaer@vlvm.be,christophe.vanmechelen@vlvm.be,christophe.vanmechelen@vlvm.be,sanne.declerck@vlvm.be,sanne.declerck@vlvm.be,elisabeth.verheyden@vlvm.be,elisabeth.verheyden@vlvm.be,laurens.guinee@vlvm.be,laurens.guinee@vlvm.be,laurens.guinee@vlvm.be,veronique.gysbrechts@vlvm.be,info@vlvm.be,info@vlvm.be,info@vlvm.be"
"contact@unibra.be,contact@unibra.be,contact@unibra.be"
"enquiries@pic-europe.com,enquiries@pic-europe.com"
"info@hhleuven.be,info@hhleuven.be"
"info@immobilieregeorges.be,info@immobilieregeorges.be,info@immobilieregeorges.be,info@immobilieregeorges.be,info@immobilieregeorges.be,info@immobilieregeorges.be,info@immobilieregeorges.be,info@immobilieregeorges.be,info@immobilieregeorges.be,info@immobilieregeorges.be,info@immobilieregeorges.be,info@immobilieregeorges.be,info@immobilieregeorges.be,info@immobilieregeorges.be,info@immobilieregeorges.be,info@immobilieregeorges.be,info@immobilieregeorges.be,info@immobilieregeorges.be,info@immobilieregeorges.be,info@immobilieregeorges.be,info@immobilieregeorges.be,info@immobilieregeorges.be,info@immobilieregeorges.be,info@immobilieregeorges.be,info@immobilieregeorges.be,info@immobilieregeorges.be,info@immobilieregeorges.be,info@immobilieregeorges.be,info@immobilieregeorges.be,info@immobilieregeorges.be,info@immobilieregeorges.be,info@immobilieregeorges.be,info@immobilieregeorges.be,info@immobilieregeorges.be,info@immobilieregeorges.be,info@immobilieregeorges.be,info@immobilieregeorges.be,info@immobilieregeorges.be,info@immobilieregeorges.be,info@immobilieregeorges.be,info@immobilieregeorges.be"
